{
  "generator-jhipster": {
    "promptValues": {
      "packageName": "com.finastra.essence.capacityplanner"
    },
    "jhipsterVersion": "6.0.1",
    "applicationType": "microservice",
    "baseName": "FbeCapacityPlannerApp",
    "packageName": "com.finastra.essence.capacityplanner",
    "packageFolder": "com/finastra/essence/capacityplanner",
    "serverPort": "8989",
    "authenticationType": "oauth2",
    "cacheProvider": "hazelcast",
    "enableHibernateCache": false,
    "websocket": false,
    "databaseType": "sql",
    "devDatabaseType": "mysql",
    "prodDatabaseType": "mysql",
    "searchEngine": false,
    "messageBroker": false,
    "serviceDiscoveryType": "eureka",
    "buildTool": "maven",
    "enableSwaggerCodegen": false,
    "jwtSecretKey": "Y2YxMjQ2ODg4MTBlYWQzNmViY2U4N2ZhZWZhZWQ5MWYzZGU3NzFkOGY3OGNjYjIwZTNiMjhlNTE0ZTJhMmY2Yzk4MDRkOTdlNGNmZjNlNGI5MjNlODk4MzYwNTNkZDQyZjZhMTg5MWIyNDMwMTZiMjQ0NGJlNjVmNTQwYWQxOWY=",
    "testFrameworks": [],
    "jhiPrefix": "jhi",
    "entitySuffix": "",
    "dtoSuffix": "DTO",
    "otherModules": [],
    "enableTranslation": false,
    "clientPackageManager": "npm",
    "skipClient": true,
    "skipUserManagement": true
  }
}