<?xml version="1.0" encoding="utf-8"?>
<databaseChangeLog
	xmlns="http://www.liquibase.org/xml/ns/dbchangelog"
	xmlns:ext="http://www.liquibase.org/xml/ns/dbchangelog-ext"
	xmlns:xsi="http://www.w3.org/2001/XMLSchema-instance"
	xsi:schemaLocation="http://www.liquibase.org/xml/ns/dbchangelog http://www.liquibase.org/xml/ns/dbchangelog/dbchangelog-3.5.xsd
                        http://www.liquibase.org/xml/ns/dbchangelog-ext http://www.liquibase.org/xml/ns/dbchangelog/dbchangelog-ext.xsd">


	<property name="now" value="now()" dbms="mysql" />

	<property name="floatType" value="float4"
		dbms="postgresql, h2" />
	<property name="floatType" value="float"
		dbms="mysql, oracle, mssql" />

	<!-- Added the entity Currency. -->
	<changeSet id="20190215101739-1" author="jhipster">
	<validCheckSum>7:cc7fa3cdaf166693f119768bab1d3c74</validCheckSum>
		<createTable tableName="fes_currency">
			<column name="currency_id" type="varchar(36)">
				<constraints primaryKey="true" nullable="false" />
			</column>

			<column name="currency_code" type="varchar(4)">
				<constraints nullable="false" />
			</column>

			<column name="currency_iso_code" type="varchar(4)">
				<constraints nullable="false" />
			</column>

			<column name="currency_numeric_code" type="varchar(5)">
				<constraints nullable="false" />
			</column>

			<column name="currency_alternative_code" type="varchar(10)">
				<constraints nullable="true" />
			</column>

			<column name="icon_image_file" type="varchar(36)">
				<constraints nullable="false" />
			</column>

			<column name="system_flag" type="varchar(1)">
				<constraints nullable="false" />
			</column>
			
			<column name="active_flag" type="varchar(1)">
				<constraints nullable="false" />
			</column>

			<column name="active_from" type="timestamp">
				<constraints nullable="false" />
			</column>
			<column name="active_till" type="timestamp">
				<constraints nullable="false" />
			</column>

			<column name="created_by" type="varchar(36)">
				<constraints nullable="false" />
			</column>

			<column name="created_on" type="timestamp">
				<constraints nullable="false" />
			</column>
			<column name="version_number" type="bigint">
				<constraints nullable="false" />
			</column>
			<column name="last_updated_by" type="varchar(36)">
				<constraints nullable="false" />
			</column>
			<column name="last_updated_on" type="timestamp">
				<constraints nullable="false" />
			</column>
		</createTable>

	</changeSet>
	<!-- jhipster-needle-liquibase-add-changeset - JHipster will add changesets 
		here, do not remove -->
</databaseChangeLog>
