<?xml version="1.0" encoding="utf-8"?>
<databaseChangeLog
	xmlns="http://www.liquibase.org/xml/ns/dbchangelog"
	xmlns:ext="http://www.liquibase.org/xml/ns/dbchangelog-ext"
	xmlns:xsi="http://www.w3.org/2001/XMLSchema-instance"
	xsi:schemaLocation="http://www.liquibase.org/xml/ns/dbchangelog http://www.liquibase.org/xml/ns/dbchangelog/dbchangelog-3.5.xsd
                        http://www.liquibase.org/xml/ns/dbchangelog-ext http://www.liquibase.org/xml/ns/dbchangelog/dbchangelog-ext.xsd">


	<property name="now" value="now()" dbms="mysql" />
	<property name="autoIncrement" value="false" />

	<property name="floatType" value="float4"
		dbms="postgresql, h2" />
	<property name="floatType" value="float"
		dbms="mysql, oracle, mssql" />

	<!-- Added the entity CurrencyTl. -->
	<changeSet id="20190215101740-1" author="jhipster">
	<validCheckSum>7:24beb92281a747f5e1a7da79bb1d1d09</validCheckSum>
		<createTable tableName="fes_currency_tl">
			<column name="translation_id" type="varchar(36)">
				<constraints primaryKey="true" nullable="false" />
			</column>

			<column name="parent_id" type="varchar(36)">
				<constraints nullable="false" />
			</column>

			<column name="language_id" type="varchar(36)">
				<constraints nullable="false" />
			</column>

			<column name="entity_name" type="varchar(80)">
				<constraints nullable="false" />
			</column>

			<column name="entity_desc" type="varchar(240)">
				<constraints nullable="true" />
			</column>

			<column name="currency_id" type="bigint">
				<constraints nullable="true" />
			</column>

			<column name="active_flag" type="varchar(1)">
				<constraints nullable="false" />
			</column>

			<column name="active_from" type="timestamp">
				<constraints nullable="false" />
			</column>
			<column name="active_till" type="timestamp">
				<constraints nullable="false" />
			</column>

			<column name="created_by" type="varchar(36)">
				<constraints nullable="false" />
			</column>

			<column name="created_on" type="timestamp">
				<constraints nullable="false" />
			</column>
			<column name="version_number" type="bigint">
				<constraints nullable="false" />
			</column>
			<column name="last_updated_by" type="varchar(36)">
				<constraints nullable="false" />
			</column>
			<column name="last_updated_on" type="timestamp">
				<constraints nullable="false" />
			</column>
		</createTable>

	</changeSet>
	<!-- jhipster-needle-liquibase-add-changeset - JHipster will add changesets 
		here, do not remove -->
</databaseChangeLog>
