<?xml version="1.0" encoding="utf-8"?>
<databaseChangeLog
	xmlns="http://www.liquibase.org/xml/ns/dbchangelog"
	xmlns:ext="http://www.liquibase.org/xml/ns/dbchangelog-ext"
	xmlns:xsi="http://www.w3.org/2001/XMLSchema-instance"
	xsi:schemaLocation="http://www.liquibase.org/xml/ns/dbchangelog http://www.liquibase.org/xml/ns/dbchangelog/dbchangelog-3.5.xsd
                        http://www.liquibase.org/xml/ns/dbchangelog-ext http://www.liquibase.org/xml/ns/dbchangelog/dbchangelog-ext.xsd">


	<property name="now" value="now()" dbms="mysql" />
	<property name="autoIncrement" value="false" />

	<property name="floatType" value="float4"
		dbms="postgresql, h2" />
	<property name="floatType" value="float"
		dbms="mysql, oracle, mssql" />

	<!-- Added the entity LanguageHistory. -->
	<changeSet id="20190301141931-1" author="jhipster">
		<createTable tableName="fes_language_history">

			<column name="history_id" type="varchar(36)">
				<constraints primaryKey="true" nullable="false" />
			</column>

			<column name="language_id" type="varchar(36)">
				<constraints nullable="false" />
			</column>

			<column name="active_flag" type="varchar(1)">
				<constraints nullable="false" />
			</column>

			<column name="active_from" type="timestamp">
				<constraints nullable="false" />
			</column>

			<column name="active_till" type="timestamp">
				<constraints nullable="false" />
			</column>

			<column name="created_by" type="varchar(36)">
				<constraints nullable="false" />
			</column>

			<column name="created_on" type="timestamp">
				<constraints nullable="false" />
			</column>

			<column name="last_updated_by" type="varchar(36)">
				<constraints nullable="false" />
			</column>

			<column name="last_updated_on" type="timestamp">
				<constraints nullable="false" />
			</column>

			<column name="version_number" type="bigint">
				<constraints nullable="false" />
			</column>

			<column name="icon_image_file" type="varchar(240)">
				<constraints nullable="true" />
			</column>

			<column name="language_code" type="varchar(3)">
				<constraints nullable="false" />
			</column>

			<column name="language_iso_code" type="varchar(3)">
				<constraints nullable="false" />
			</column>

			<column name="language_name" type="varchar(80)">
				<constraints nullable="false" />
			</column>

			<column name="language_native_name" type="varchar(100)">
				<constraints nullable="false" />
			</column>

			<column name="icon_image_file" type="varchar(240)">
				<constraints nullable="true" />
			</column>

			<column name="system_flag" type="varchar(1)">
				<constraints nullable="false" />
			</column>

			<column name="installed_flag" type="varchar(1)">
				<constraints nullable="false" />
			</column>

		</createTable>
	</changeSet>
</databaseChangeLog>
