<?xml version="1.0" encoding="UTF-8"?>
<!DOCTYPE configuration>
<configuration>
	<property name="LOG_PATH" value="logs/fbe-sharedlog.json" />
	<appender name="jsonAppender"
		class="ch.qos.logback.core.rolling.RollingFileAppender">
		<File>${LOG_PATH}</File>
		<encoder class="net.logstash.logback.encoder.LogstashEncoder" />
		<rollingPolicy
			class="ch.qos.logback.core.rolling.FixedWindowRollingPolicy">
			<maxIndex>1</maxIndex>
			<fileNamePattern>${LOG_PATH}.%i</fileNamePattern>
		</rollingPolicy>
		<triggeringPolicy
			class="ch.qos.logback.core.rolling.SizeBasedTriggeringPolicy">
			<MaxFileSize>1MB</MaxFileSize>
		</triggeringPolicy>
		<encoder
			class="net.logstash.logback.encoder.LoggingEventCompositeJsonEncoder">
			<providers>
				<timestamp>
					<timeZone>UTC</timeZone>
				</timestamp>
				<pattern>
					<pattern>
						<pattern>
							{
							"level": "%level",
							"trace": "%X{X-B3-TraceId:-}",
							"span":
							"%X{X-B3-SpanId:-}",
							"parent": "%X{X-B3-ParentSpanId:-}",
							"exportable": "%X{X-Span-Export:-}",
							"thread": "%thread",
							"class":
							"%logger{40}",
							"file":"%file : %line",
							"message": "%message"
							}
						</pattern>
					</pattern>
				</pattern>
			</providers>
		</encoder>
	</appender>
	<logger name="jsonLogger" additivity="false" level="DEBUG">
		<appender-ref ref="jsonAppender" />
	</logger>
	<logger name="javax.activation" level="WARN" />
	<logger name="javax.mail" level="WARN" />
	<logger name="javax.management.remote" level="WARN" />
	<logger name="javax.xml.bind" level="WARN" />
	<logger name="ch.qos.logback" level="WARN" />
	<logger name="com.codahale.metrics" level="WARN" />
	<logger name="com.hazelcast" level="INFO" />
	<logger name="com.netflix" level="WARN" />
	<logger name="com.netflix.discovery" level="INFO" />
	<logger name="com.ryantenney" level="WARN" />
	<logger name="com.sun" level="WARN" />
	<logger name="com.zaxxer" level="WARN" />
	<logger name="io.undertow" level="WARN" />
	<logger name="io.undertow.websockets.jsr" level="ERROR" />
	<logger name="org.apache" level="WARN" />
	<logger name="org.apache.catalina.startup.DigesterFactory"
		level="OFF" />
	<logger name="org.bson" level="WARN" />
	<logger name="org.hibernate.validator" level="WARN" />
	<logger name="org.hibernate" level="WARN" />
	<logger name="org.hibernate.ejb.HibernatePersistence"
		level="OFF" />
	<logger name="org.springframework" level="WARN" />
	<logger name="org.springframework.web" level="WARN" />
	<logger name="org.springframework.security" level="WARN" />
	<logger name="org.springframework.cache" level="WARN" />
	<logger name="org.thymeleaf" level="WARN" />
	<logger name="org.xnio" level="WARN" />
	<logger name="springfox" level="WARN" />
	<logger name="sun.rmi" level="WARN" />
	<logger name="liquibase" level="WARN" />
	<logger name="LiquibaseSchemaResolver" level="INFO" />
	<logger name="sun.net.www" level="INFO" />
	<logger name="sun.rmi.transport" level="WARN" />
	<root level="INFO">
		<appender-ref ref="jsonAppender" />
	</root>

	<shutdownHook
		class="ch.qos.logback.core.hook.DelayingShutdownHook" />

	<contextListener
		class="ch.qos.logback.classic.jul.LevelChangePropagator">
		<resetJUL>true</resetJUL>
	</contextListener>

</configuration>