{
  "generator-jhipster": {
    "promptValues": {
      "packageName": "com.finastra.essence.shared"
    },
    "jhipsterVersion": "5.4.2",
    "applicationType": "microservice",
    "baseName": "FBEShared",
    "packageName": "com.finastra.essence.shared",
    "packageFolder": "com/finastra/essence/shared",
    "serverPort": "8081",
    "authenticationType": "jwt",
    "cacheProvider": "hazelcast",
    "enableHibernateCache": true,
    "websocket": false,
    "databaseType": "sql",
    "devDatabaseType": "mysql",
    "prodDatabaseType": "mysql",
    "searchEngine": false,
    "messageBroker": false,
    "serviceDiscoveryType": "eureka",
    "buildTool": "maven",
    "enableSwaggerCodegen": false,
    "jwtSecretKey": "MDg2Y2RkNTg4MzgyMTQ4ODhjZDljYmRkMmZjZDc3MmJlYzhjNTExNTgxODYzZGQwOGY5NjliYjZmZmE1NGI1NjYyODlhNGEwNDcxMmQzZTM1ZDk5ZTE0MzQwY2FmOTdhYWNhNThjNDg4OTA1YzExYTViNTQ3MDhiOWE4MDc0ODU=",
    "enableTranslation": false,
    "testFrameworks": [
      "gatling",
      "cucumber"
    ],
    "jhiPrefix": "jhi",
    "clientPackageManager": "npm",
    "skipClient": true,
    "skipUserManagement": true
  }
}